code,name,category,description,diet,meat_type,unit,price,tax_group,tax_components,tax_included,hsn,sac,branches,channels,variants,addon_groups,tags,serves,portion,prep_min,max_per_order,stock_tracked,kcal,protein_g,carbs_g,fat_g,allergens,zomato_listed,zomato_price,swiggy_listed,swiggy_price,status
BRK-01,Masala Dosa,Breakfast,"Crisp rice crepe, potato masala, sambar and chutney",Veg,,Plate,120,GST 5%,CGST:2.5|SGST:2.5,false,,996331,All,Dine In; Takeaway; Online,,Dips,South Indian,1,1 dosa,10,,No,380,8,52,14,,Yes,140,Yes,140,Active
BRK-02,Idli Vada,Breakfast,2 idli and 1 medu vada with sambar and chutney,Veg,,Plate,90,GST 5%,CGST:2.5|SGST:2.5,false,,996331,All,Dine In; Takeaway; Online,,Dips,South Indian,1,3 pieces,8,,No,,,,,,Yes,105,Yes,105,Active
BRK-03,Poha,Breakfast,"Flattened rice with peanuts, curry leaves and lemon",Vegan,,Plate,70,GST 5%,CGST:2.5|SGST:2.5,false,,996331,All,Dine In; Takeaway; Online,,,,1,250 g,6,,No,,,,,Peanuts,Yes,85,Yes,85,Active
BRK-04,Masala Omelette,Breakfast,"Three-egg omelette with onion, tomato and green chilli",Egg,Egg,Plate,80,GST 5%,CGST:2.5|SGST:2.5,false,,996331,All,Dine In; Takeaway; Online,,,,1,3 eggs,7,,No,,,,,Egg,Yes,95,Yes,95,Active
STR-01,Paneer Tikka,Starters,"Charred cottage cheese, peppers and mint chutney",Veg,,Plate,300,GST 5%,CGST:2.5|SGST:2.5,false,,996331,All,Dine In; Takeaway; Online,,Dips,Starter; North Indian; Chef special,2,8 pieces,18,,No,420,24,12,30,Dairy,Yes,345,Yes,345,Active
STR-02,Chicken 65,Starters,Spicy fried chicken tossed with curry leaves,Non-Veg,Chicken,Plate,320,GST 5%,CGST:2.5|SGST:2.5,false,,996331,All,Dine In; Takeaway; Online,,Dips,Starter; South Indian,2,10 pieces,15,,No,,,,,,Yes,370,Yes,370,Active
STR-03,Veg Spring Rolls,Starters,"Crisp rolls of cabbage, carrot and glass noodles",Veg,,Plate,220,GST 5%,CGST:2.5|SGST:2.5,false,,996331,All,Dine In; Takeaway; Online,,Dips,Starter; Chinese,2,6 pieces,12,,No,,,,,Gluten,Yes,255,Yes,255,Active
STR-04,Tandoori Chicken,Starters,Clay-oven chicken marinated in yoghurt and spices,Non-Veg,Chicken,Plate,380,GST 5%,CGST:2.5|SGST:2.5,false,,996331,All,Dine In; Takeaway; Online,Half=0; Full=+260,,Starter; North Indian; Bestseller,2,4 pieces (half),25,,No,,,,,Dairy,Yes,440,Yes,440,Active
STR-05,Fish Amritsari,Starters,Gram-flour battered fish with ajwain,Non-Veg,Fish,Plate,360,GST 5%,CGST:2.5|SGST:2.5,false,,996331,All,Dine In; Takeaway; Online,,Dips,Starter; North Indian,2,8 pieces,15,,No,,,,,Fish; Gluten,Yes,415,Yes,415,Active
SUP-01,Tomato Shorba,Soups,Spiced tomato broth with coriander,Vegan,,Bowl,140,GST 5%,CGST:2.5|SGST:2.5,false,,996331,All,Dine In; Takeaway; Online,,,,1,300 ml,6,,No,,,,,,Yes,165,Yes,165,Active
SUP-02,Chicken Manchow Soup,Soups,Hot and sour chicken soup with crispy noodles,Non-Veg,Chicken,Bowl,170,GST 5%,CGST:2.5|SGST:2.5,false,,996331,All,Dine In; Takeaway; Online,,,Chinese,1,300 ml,8,,No,,,,,Soy; Gluten,Yes,200,Yes,200,Active
MNS-01,Butter Chicken,Mains,"Tandoori chicken in a tomato, butter and cream gravy",Non-Veg,Chicken,Plate,340,GST 5%,CGST:2.5|SGST:2.5,false,,996331,All,Dine In; Takeaway; Online,Regular=0; Large=+120,,Main Course; North Indian; Bestseller,2,400 g,20,,Yes,610,38,14,44,Dairy; Nuts,Yes,395,Yes,395,Active
MNS-02,Paneer Butter Masala,Mains,Cottage cheese in a rich tomato and cashew gravy,Veg,,Plate,290,GST 5%,CGST:2.5|SGST:2.5,false,,996331,All,Dine In; Takeaway; Online,Regular=0; Large=+100,,Main Course; North Indian,2,400 g,18,,No,,,,,Dairy; Nuts,Yes,335,Yes,335,Active
MNS-03,Dal Makhani,Mains,Black lentils slow-cooked overnight with butter,Veg,,Plate,240,GST 5%,CGST:2.5|SGST:2.5,false,,996331,All,Dine In; Takeaway; Online,,,Main Course; North Indian; Chef special,2,350 g,10,,No,,,,,Dairy,Yes,280,Yes,280,Active
MNS-04,Kadai Mutton,Mains,Goat curry with peppers and freshly ground kadai masala,Non-Veg,Mutton,Plate,420,GST 5%,CGST:2.5|SGST:2.5,false,,996331,All,Dine In; Takeaway; Online,,,Main Course; North Indian,2,400 g,25,,Yes,,,,,,Yes,485,Yes,485,Active
MNS-05,Veg Hakka Noodles,Mains,Wok-tossed noodles with vegetables and soy,Vegan,,Plate,210,GST 5%,CGST:2.5|SGST:2.5,false,,996331,All,Dine In; Takeaway; Online,,Toppings,Main Course; Chinese,1,350 g,10,,No,,,,,Soy; Gluten,Yes,245,Yes,245,Active
BRY-01,Veg Biryani,Biryani & Rice,"Basmati, vegetables and saffron, sealed and slow-cooked",Veg,,Plate,220,GST 5%,CGST:2.5|SGST:2.5,false,,996331,All,Dine In; Takeaway; Online,Regular=0; Large=+60,Toppings,Main Course; North Indian,1,500 g,25,4,Yes,,,,,Dairy,Yes,255,Yes,255,Active
BRY-02,Chicken Dum Biryani,Biryani & Rice,Hyderabadi-style chicken biryani with raita,Non-Veg,Chicken,Plate,300,GST 5%,CGST:2.5|SGST:2.5,false,,996331,All,Dine In; Takeaway; Online,Regular=0; Large=+90,,Main Course; Bestseller,1,550 g,25,4,Yes,780,42,88,26,Dairy,Yes,345,Yes,345,Active
BRY-03,Jeera Rice,Biryani & Rice,Basmati tempered with cumin and ghee,Veg,,Plate,150,GST 5%,CGST:2.5|SGST:2.5,false,,996331,All,Dine In; Takeaway; Online,,,Main Course,1,300 g,8,,No,,,,,Dairy,Yes,175,Yes,175,Active
BRD-01,Butter Naan,Breads,"Leavened flatbread from the tandoor, brushed with butter",Veg,,Piece,50,GST 5%,CGST:2.5|SGST:2.5,false,,996331,All,Dine In; Takeaway; Online,,,Bread; North Indian,1,1 piece,6,,No,,,,,Dairy; Gluten,Yes,60,Yes,60,Active
BRD-02,Garlic Naan,Breads,Naan with garlic and coriander,Veg,,Piece,70,GST 5%,CGST:2.5|SGST:2.5,false,,996331,All,Dine In; Takeaway; Online,,,Bread; North Indian,1,1 piece,6,,No,,,,,Dairy; Gluten,Yes,85,Yes,85,Active
BRD-03,Tandoori Roti,Breads,Whole-wheat flatbread from the tandoor,Vegan,,Piece,30,GST 5%,CGST:2.5|SGST:2.5,false,,996331,All,Dine In; Takeaway; Online,,,Bread,1,1 piece,5,,No,,,,,Gluten,Yes,35,Yes,35,Active
DST-01,Gulab Jamun,Desserts,Warm milk dumplings in rose-cardamom syrup,Veg,,Plate,90,GST 5%,CGST:2.5|SGST:2.5,false,,996331,All,Dine In; Takeaway; Online,2 pcs=0; 4 pcs=+80,Ice cream scoop,Dessert,1,2 pieces,3,,No,,,,,Dairy; Gluten,Yes,105,Yes,105,Active
DST-02,Chocolate Brownie with Ice Cream,Desserts,"Warm brownie, vanilla ice cream and chocolate sauce",Egg,,Plate,180,GST 5%,CGST:2.5|SGST:2.5,false,,996331,All,Dine In; Takeaway; Online,,,Dessert; Continental,1,1 brownie,5,,No,,,,,Egg; Dairy; Gluten,Yes,210,Yes,210,Active
DST-03,Kesar Kulfi,Desserts,Saffron and pistachio kulfi on a stick (seasonal),Veg,,Piece,120,GST 5%,CGST:2.5|SGST:2.5,false,,996331,All,Dine In; Takeaway; Online,,,Dessert,1,90 g,2,,No,,,,,Dairy; Nuts,Yes,140,Yes,140,Hidden
BEV-01,Masala Chai,Beverages,"Assam tea brewed with milk, ginger and cardamom",Veg,,Glass,40,GST 5%,CGST:2.5|SGST:2.5,false,,996331,All,Dine In; Takeaway,,,Hot Beverage,1,150 ml,4,,No,,,,,Dairy,No,,No,,Active
BEV-02,Filter Coffee,Beverages,South Indian decoction coffee with milk,Veg,,Glass,50,GST 5%,CGST:2.5|SGST:2.5,false,,996331,All,Dine In; Takeaway,,,Hot Beverage; South Indian,1,150 ml,4,,No,,,,,Dairy,No,,No,,Active
BEV-03,Mango Lassi,Beverages,Alphonso mango blended with yoghurt,Veg,,Glass,80,GST 5%,CGST:2.5|SGST:2.5,false,,996331,All,Dine In; Takeaway; Online,Regular=0; Large=+40,,Shake,1,350 ml,5,,No,,,,,Dairy,Yes,95,Yes,95,Active
BEV-04,Fresh Lime Soda,Beverages,Fresh lime with soda — sweet or salted,Vegan,,Glass,70,GST 5%,CGST:2.5|SGST:2.5,false,,996331,All,Dine In; Takeaway; Online,Sweet=0; Salted=0,,Soft Drink,1,300 ml,3,,No,,,,,,Yes,85,Yes,85,Active
BEV-05,Cold Coffee,Beverages,Blended coffee with milk and ice cream,Veg,,Glass,120,GST 5%,CGST:2.5|SGST:2.5,false,,996331,All,Dine In; Takeaway; Online,,,Shake,1,350 ml,5,,No,,,,,Dairy,Yes,140,Yes,140,Active
RET-01,Bottled Water 1L,Retail,Packaged drinking water,Vegan,,Bottle,20,GST 18%,CGST:9|SGST:9,true,22011010,,All,Dine In; Takeaway; Online,,,,,1 L,,,No,,,,,,Yes,20,Yes,20,Active
